{
  "model_name": "SVC",
  "accuracy": 0.8235294117647058,
  "f1_weighted": 0.8276429452900042,
  "f1_macro": 0.8261072261072261,
  "confusion_matrix": [
    [
      5,
      0,
      1
    ],
    [
      0,
      4,
      1
    ],
    [
      0,
      1,
      5
    ]
  ],
  "classification_report": {
    "High": {
      "precision": 1.0,
      "recall": 0.8333333333333334,
      "f1-score": 0.9090909090909091,
      "support": 6.0
    },
    "Low": {
      "precision": 0.8,
      "recall": 0.8,
      "f1-score": 0.8,
      "support": 5.0
    },
    "Moderate": {
      "precision": 0.7142857142857143,
      "recall": 0.8333333333333334,
      "f1-score": 0.7692307692307693,
      "support": 6.0
    },
    "accuracy": 0.8235294117647058,
    "macro avg": {
      "precision": 0.8380952380952381,
      "recall": 0.8222222222222223,
      "f1-score": 0.8261072261072261,
      "support": 17.0
    },
    "weighted avg": {
      "precision": 0.8403361344537814,
      "recall": 0.8235294117647058,
      "f1-score": 0.8276429452900042,
      "support": 17.0
    }
  }
}